{"cameraMode":{"drawMode":0,"name":"Shaded","section":"Shading Mode"},"sceneLighting":true,"audioPlay":false,"sceneViewState":{"showFog":true,"showMaterialUpdate":true,"showSkybox":true,"showFlares":true,"showImageEffects":true,"showParticleSystems":true},"in2DMode":false,"pivot":{"x":-240.7014617919922,"y":88.22753143310547,"z":93.09056854248047},"rotation":{"x":-0.18166783452033997,"y":-0.6536776423454285,"z":0.1661587357521057,"w":-0.7157847881317139},"size":23.054283142089845,"orthographic":false}