{"cameraMode":{"drawMode":0,"name":"Shaded","section":"Shading Mode"},"sceneLighting":false,"audioPlay":false,"sceneViewState":{"showFog":true,"showMaterialUpdate":true,"showSkybox":false,"showFlares":true,"showImageEffects":true,"showParticleSystems":true},"in2DMode":false,"pivot":{"x":25.763294219970704,"y":-5.4718475341796879,"z":-5.561710834503174},"rotation":{"x":-0.27376556396484377,"y":0.5267995595932007,"z":-0.18341690301895142,"w":-0.783820629119873},"size":72.78060150146485,"orthographic":false}