{"cameraMode":{"drawMode":0,"name":"Shaded","section":"Shading Mode"},"sceneLighting":false,"audioPlay":false,"sceneViewState":{"showFog":true,"showMaterialUpdate":true,"showSkybox":false,"showFlares":true,"showImageEffects":true,"showParticleSystems":true},"in2DMode":false,"pivot":{"x":0.05938287451863289,"y":0.10091622918844223,"z":1.033355474472046},"rotation":{"x":-0.040943846106529239,"y":0.9583443999290466,"z":-0.17555220425128938,"w":-0.22238177061080934},"size":0.20078051090240479,"orthographic":false}