{"cameraMode":{"drawMode":0,"name":"Shaded","section":"Shading Mode"},"sceneLighting":true,"audioPlay":false,"sceneViewState":{"showFog":true,"showMaterialUpdate":true,"showSkybox":true,"showFlares":true,"showImageEffects":true,"showParticleSystems":true},"in2DMode":false,"pivot":{"x":-37.17150115966797,"y":20.25103759765625,"z":-23.380224227905275},"rotation":{"x":0.22792354226112367,"y":0.4595486521720886,"z":-0.12352626025676727,"w":0.8495692014694214},"size":5.612485885620117,"orthographic":false}