{"cameraMode":{"drawMode":0,"name":"Shaded","section":"Shading Mode"},"sceneLighting":false,"audioPlay":false,"sceneViewState":{"showFog":true,"showMaterialUpdate":true,"showSkybox":false,"showFlares":true,"showImageEffects":true,"showParticleSystems":true},"in2DMode":false,"pivot":{"x":-0.19203782081604005,"y":0.4171856641769409,"z":-0.3088792562484741},"rotation":{"x":0.0036892106290906669,"y":-0.5267468094825745,"z":0.0020600617863237859,"w":0.8502193689346314},"size":0.8660253882408142,"orthographic":false}