{"cameraMode":{"drawMode":0,"name":"Shaded","section":"Shading Mode"},"sceneLighting":false,"audioPlay":false,"sceneViewState":{"showFog":true,"showMaterialUpdate":true,"showSkybox":false,"showFlares":true,"showImageEffects":true,"showParticleSystems":true},"in2DMode":false,"pivot":{"x":31.491376876831056,"y":-0.4173137843608856,"z":36.380367279052737},"rotation":{"x":0.1346239298582077,"y":-0.8185935616493225,"z":0.2130361795425415,"w":0.5163904428482056},"size":71.04405212402344,"orthographic":false}