{"cameraMode":{"drawMode":0,"name":"Shaded","section":"Shading Mode"},"sceneLighting":false,"audioPlay":false,"sceneViewState":{"showFog":true,"showMaterialUpdate":true,"showSkybox":false,"showFlares":true,"showImageEffects":true,"showParticleSystems":true},"in2DMode":false,"pivot":{"x":-0.04879145324230194,"y":-3.5390257835388186e-8,"z":2.2351741790771486e-8},"rotation":{"x":0.024892358109354974,"y":0.9664345383644104,"z":-0.23470133543014527,"w":0.10331373661756516},"size":0.2050744891166687,"orthographic":false}