{"cameraMode":{"drawMode":0,"name":"Shaded","section":"Shading Mode"},"sceneLighting":true,"audioPlay":false,"sceneViewState":{"showFog":true,"showMaterialUpdate":true,"showSkybox":true,"showFlares":true,"showImageEffects":true,"showParticleSystems":true},"in2DMode":false,"pivot":{"x":48.687530517578128,"y":44.97435760498047,"z":36.99483871459961},"rotation":{"x":0.014577236957848072,"y":0.9134087562561035,"z":-0.40599575638771059,"w":0.03514866158366203},"size":40.856719970703128,"orthographic":false}