{"cameraMode":{"drawMode":0,"name":"Shaded","section":"Shading Mode"},"sceneLighting":true,"audioPlay":false,"sceneViewState":{"showFog":true,"showMaterialUpdate":true,"showSkybox":true,"showFlares":true,"showImageEffects":true,"showParticleSystems":true},"in2DMode":false,"pivot":{"x":9.928828239440918,"y":5.096498012542725,"z":48.09580612182617},"rotation":{"x":-0.030716370791196824,"y":-0.7461199164390564,"z":0.0345192514359951,"w":-0.664349377155304},"size":3.9247446060180666,"orthographic":false}