{"cameraMode":{"drawMode":0,"name":"Shaded","section":"Shading Mode"},"sceneLighting":false,"audioPlay":false,"sceneViewState":{"showFog":true,"showMaterialUpdate":true,"showSkybox":false,"showFlares":true,"showImageEffects":true,"showParticleSystems":true},"in2DMode":false,"pivot":{"x":0.22657886147499085,"y":-0.0013612769544124604,"z":-0.00043769925832748413},"rotation":{"x":0.024892358109354974,"y":0.9664345383644104,"z":-0.23470133543014527,"w":0.10331373661756516},"size":0.08206738531589508,"orthographic":false}