{"cameraMode":{"drawMode":0,"name":"Shaded","section":"Shading Mode"},"sceneLighting":false,"audioPlay":false,"sceneViewState":{"showFog":true,"showMaterialUpdate":true,"showSkybox":false,"showFlares":true,"showImageEffects":true,"showParticleSystems":true},"in2DMode":false,"pivot":{"x":82.1145248413086,"y":-7.491430282592773,"z":-48.634918212890628},"rotation":{"x":-0.03308426961302757,"y":-0.9005672931671143,"z":0.07025332748889923,"w":-0.4280398488044739},"size":71.04405212402344,"orthographic":false}