{"cameraMode":{"drawMode":0,"name":"Shaded","section":"Shading Mode"},"sceneLighting":false,"audioPlay":false,"sceneViewState":{"showFog":true,"showMaterialUpdate":true,"showSkybox":false,"showFlares":true,"showImageEffects":true,"showParticleSystems":true},"in2DMode":false,"pivot":{"x":-78.1399917602539,"y":5.613008975982666,"z":31.108224868774415},"rotation":{"x":0.07576493173837662,"y":-0.7619690895080566,"z":0.09041429311037064,"w":0.6370000243186951},"size":5.049752235412598,"orthographic":false}