{"cameraMode":{"drawMode":0,"name":"Shaded","section":"Shading Mode"},"sceneLighting":false,"audioPlay":false,"sceneViewState":{"showFog":true,"showMaterialUpdate":true,"showSkybox":false,"showFlares":true,"showImageEffects":true,"showParticleSystems":true},"in2DMode":false,"pivot":{"x":-0.024969100952148439,"y":6.0,"z":-0.02497100830078125},"rotation":{"x":0.06318294256925583,"y":0.9125075936317444,"z":-0.15454067289829255,"w":0.3737974762916565},"size":71.04405212402344,"orthographic":false}