{"cameraMode":{"drawMode":0,"name":"Shaded","section":"Shading Mode"},"sceneLighting":false,"audioPlay":false,"sceneViewState":{"showFog":true,"showMaterialUpdate":true,"showSkybox":false,"showFlares":true,"showImageEffects":true,"showParticleSystems":true},"in2DMode":false,"pivot":{"x":0.18771052360534669,"y":-0.010911228135228157,"z":-0.030155550688505174},"rotation":{"x":0.053458284586668017,"y":0.9192545413970947,"z":-0.13450361788272859,"w":0.3666028678417206},"size":0.08082710951566696,"orthographic":false}