{"cameraMode":{"drawMode":0,"name":"Shaded","section":"Shading Mode"},"sceneLighting":false,"audioPlay":false,"sceneViewState":{"showFog":true,"showMaterialUpdate":true,"showSkybox":false,"showFlares":true,"showImageEffects":true,"showParticleSystems":true},"in2DMode":false,"pivot":{"x":-32.5060920715332,"y":-13.68618392944336,"z":29.38594627380371},"rotation":{"x":-0.10351648181676865,"y":-0.8960456848144531,"z":0.31728026270866396,"w":-0.2932366728782654},"size":71.04405212402344,"orthographic":false}