{"cameraMode":{"drawMode":0,"name":"Shaded","section":"Shading Mode"},"sceneLighting":true,"audioPlay":false,"sceneViewState":{"showFog":true,"showMaterialUpdate":true,"showSkybox":true,"showFlares":true,"showImageEffects":true,"showParticleSystems":true},"in2DMode":false,"pivot":{"x":-45.08022689819336,"y":8.423986434936524,"z":-38.624935150146487},"rotation":{"x":-0.08789962530136109,"y":0.9112975597381592,"z":-0.26073113083839419,"w":-0.30661165714263918},"size":7.741063594818115,"orthographic":false}