{"cameraMode":{"drawMode":0,"name":"Shaded","section":"Shading Mode"},"sceneLighting":true,"audioPlay":false,"sceneViewState":{"showFog":true,"showMaterialUpdate":true,"showSkybox":true,"showFlares":true,"showImageEffects":true,"showParticleSystems":true},"in2DMode":false,"pivot":{"x":99.50701141357422,"y":23.54969024658203,"z":6.551306247711182},"rotation":{"x":0.1752706915140152,"y":-0.4793318510055542,"z":0.09814838320016861,"w":0.854541003704071},"size":7.088723659515381,"orthographic":false}