{"cameraMode":{"drawMode":0,"name":"Shaded","section":"Shading Mode"},"sceneLighting":true,"audioPlay":false,"sceneViewState":{"showFog":true,"showMaterialUpdate":true,"showSkybox":true,"showFlares":true,"showImageEffects":true,"showParticleSystems":true},"in2DMode":false,"pivot":{"x":-5.062349319458008,"y":5.569029808044434,"z":9.16839599609375},"rotation":{"x":0.061223797500133517,"y":0.9241828918457031,"z":-0.16795805096626283,"w":0.3377953767776489},"size":1.2247449159622193,"orthographic":false}