{"cameraMode":{"drawMode":0,"name":"Shaded","section":"Shading Mode"},"sceneLighting":false,"audioPlay":false,"sceneViewState":{"showFog":true,"showMaterialUpdate":true,"showSkybox":false,"showFlares":true,"showImageEffects":true,"showParticleSystems":true},"in2DMode":false,"pivot":{"x":111.93736267089844,"y":51.78274917602539,"z":-37.56459426879883},"rotation":{"x":-0.23114478588104249,"y":0.5607130527496338,"z":-0.16715194284915925,"w":-0.7775301337242127},"size":7.08872652053833,"orthographic":false}