{"cameraMode":{"drawMode":0,"name":"Shaded","section":"Shading Mode"},"sceneLighting":false,"audioPlay":false,"sceneViewState":{"showFog":true,"showMaterialUpdate":true,"showSkybox":false,"showFlares":true,"showImageEffects":true,"showParticleSystems":true},"in2DMode":false,"pivot":{"x":-0.039556607604026797,"y":0.002528320997953415,"z":0.00046823639422655106},"rotation":{"x":0.024892358109354974,"y":0.9664345383644104,"z":-0.23470133543014527,"w":0.10331373661756516},"size":0.19122730195522309,"orthographic":false}