{"cameraMode":{"drawMode":0,"name":"Shaded","section":"Shading Mode"},"sceneLighting":true,"audioPlay":false,"sceneViewState":{"showFog":true,"showMaterialUpdate":true,"showSkybox":true,"showFlares":true,"showImageEffects":true,"showParticleSystems":true},"in2DMode":false,"pivot":{"x":155.9214630126953,"y":120.75624084472656,"z":159.08592224121095},"rotation":{"x":-0.09365629404783249,"y":0.9064159989356995,"z":-0.30106377601623537,"w":-0.2815767526626587},"size":23.054283142089845,"orthographic":false}