{"cameraMode":{"drawMode":0,"name":"Shaded","section":"Shading Mode"},"sceneLighting":true,"audioPlay":false,"sceneViewState":{"showFog":true,"showMaterialUpdate":true,"showSkybox":true,"showFlares":true,"showImageEffects":true,"showParticleSystems":true},"in2DMode":false,"pivot":{"x":-31.782333374023439,"y":6.138047218322754,"z":9.370709419250489},"rotation":{"x":-0.18281923234462739,"y":-0.13841374218463899,"z":0.026092393323779107,"w":-0.9731057286262512},"size":3.9247446060180666,"orthographic":false}