{"cameraMode":{"drawMode":0,"name":"Shaded","section":"Shading Mode"},"sceneLighting":true,"audioPlay":false,"sceneViewState":{"showFog":true,"showMaterialUpdate":true,"showSkybox":true,"showFlares":true,"showImageEffects":true,"showParticleSystems":true},"in2DMode":false,"pivot":{"x":-13.776947021484375,"y":46.06866455078125,"z":-250.31915283203126},"rotation":{"x":-0.12514466047286988,"y":0.8722898960113525,"z":-0.37049391865730288,"w":-0.29406338930130007},"size":452.4234924316406,"orthographic":false}