{"cameraMode":{"drawMode":0,"name":"Shaded","section":"Shading Mode"},"sceneLighting":true,"audioPlay":false,"sceneViewState":{"showFog":true,"showMaterialUpdate":true,"showSkybox":true,"showFlares":true,"showImageEffects":true,"showParticleSystems":true},"in2DMode":false,"pivot":{"x":0.6830781102180481,"y":-0.48138752579689028,"z":-13.771492004394532},"rotation":{"x":-0.02455017901957035,"y":0.9675348401069641,"z":-0.10009679198265076,"w":-0.23180609941482545},"size":3.791227340698242,"orthographic":false}