{"cameraMode":{"drawMode":0,"name":"Shaded","section":"Shading Mode"},"sceneLighting":false,"audioPlay":false,"sceneViewState":{"showFog":true,"showMaterialUpdate":false,"showSkybox":false,"showFlares":true,"showImageEffects":true,"showParticleSystems":true},"in2DMode":false,"pivot":{"x":7.290580749511719,"y":2.3709239959716799,"z":6.972136497497559},"rotation":{"x":0.26630672812461855,"y":0.5153449773788452,"z":-0.17238777875900269,"w":0.7961086630821228},"size":15.087255477905274,"orthographic":false}