{"cameraMode":{"drawMode":0,"name":"Shaded","section":"Shading Mode"},"sceneLighting":true,"audioPlay":false,"sceneViewState":{"showFog":false,"showMaterialUpdate":true,"showSkybox":true,"showFlares":true,"showImageEffects":true,"showParticleSystems":true},"in2DMode":false,"pivot":{"x":3.0351033210754396,"y":-6.971808910369873,"z":2.840636730194092},"rotation":{"x":0.3900202810764313,"y":0.5761153101921082,"z":-0.36224785447120669,"w":0.620286226272583},"size":7.740562438964844,"orthographic":false}